<?xml version="1.0" encoding="UTF-8" standalone="yes"?>
<contentHaul xmlns:a="http://www.appian.com/ae/types/2009">
    <versionUuid>_a-0000e37d-16a2-8000-9ba2-011c48011c48_36231</versionUuid>
    <rule>
        <name>MEG_VM_CalculateTotalCost</name>
        <uuid>_a-0000e37d-16a2-8000-9ba2-011c48011c48_29894</uuid>
        <description>Given part cost and a labor time, returns a a cost estimate.</description>
        <parentUuid>_a-0000e37d-16a2-8000-9ba2-011c48011c48_29411</parentUuid>
        <visibility>
            <advertise>false</advertise>
            <hierarchy>true</hierarchy>
            <indexable>true</indexable>
            <quota>false</quota>
            <searchable>true</searchable>
            <system>false</system>
            <unlogged>false</unlogged>
        </visibility>
        <definition>if(
  or(isnull(ri!partCost),isnull(ri!laborTime)),
  {},
  dollar(ri!partCost+ri!laborTime*#"_a-0000e37d-16a2-8000-9ba2-011c48011c48_29386")
)</definition>
        <namedTypedValue>
            <name>partCost</name>
            <type>
                <name>double</name>
                <namespace>http://www.w3.org/2001/XMLSchema</namespace>
            </type>
        </namedTypedValue>
        <namedTypedValue>
            <name>laborTime</name>
            <type>
                <name>double</name>
                <namespace>http://www.w3.org/2001/XMLSchema</namespace>
            </type>
        </namedTypedValue>
        <preferredEditor>legacy</preferredEditor>
        <offlineEnabled>false</offlineEnabled>
    </rule>
    <roleMap public="true">
        <role inherit="true" allowForAll="false" name="readers">
            <users/>
            <groups/>
        </role>
        <role inherit="true" allowForAll="false" name="authors">
            <users/>
            <groups/>
        </role>
        <role inherit="true" allowForAll="false" name="administrators">
            <users>
                <userUuid>megh.nara</userUuid>
            </users>
            <groups/>
        </role>
        <role inherit="false" allowForAll="false" name="denyReaders">
            <users/>
            <groups/>
        </role>
        <role inherit="false" allowForAll="false" name="denyAuthors">
            <users/>
            <groups/>
        </role>
        <role inherit="false" allowForAll="false" name="denyAdministrators">
            <users/>
            <groups/>
        </role>
    </roleMap>
    <history>
        <historyInfo versionUuid="_a-0000e37d-16a2-8000-9ba2-011c48011c48_36231"/>
    </history>
</contentHaul>
