<?xml version="1.0" encoding="UTF-8" standalone="yes"?>
<contentHaul xmlns:a="http://www.appian.com/ae/types/2009">
    <versionUuid>_a-0000e37d-16a2-8000-9ba2-011c48011c48_38703</versionUuid>
    <rule>
        <name>MEG_VM_FleetReport</name>
        <uuid>_a-0000e37d-16a2-8000-9ba2-011c48011c48_38543</uuid>
        <description>Report about the fleet of vehicles</description>
        <parentUuid>_a-0000e37d-16a2-8000-9ba2-011c48011c48_31015</parentUuid>
        <visibility>
            <advertise>false</advertise>
            <hierarchy>true</hierarchy>
            <indexable>true</indexable>
            <quota>false</quota>
            <searchable>true</searchable>
            <system>false</system>
            <unlogged>false</unlogged>
        </visibility>
        <definition>#"SYSTEM_SYSRULES_formLayout_v1"(
  contents: {
    #"_a-0000e37d-16a2-8000-9ba2-011c48011c48_34805"(),
    #"_a-0000e37d-16a2-8000-9ba2-011c48011c48_38308"()
  }
)</definition>
        <preferredEditor>interface</preferredEditor>
        <offlineEnabled>false</offlineEnabled>
    </rule>
    <roleMap public="true">
        <role inherit="true" allowForAll="false" name="readers">
            <users/>
            <groups/>
        </role>
        <role inherit="true" allowForAll="false" name="authors">
            <users/>
            <groups/>
        </role>
        <role inherit="true" allowForAll="false" name="administrators">
            <users>
                <userUuid>megh.nara</userUuid>
            </users>
            <groups/>
        </role>
        <role inherit="false" allowForAll="false" name="denyReaders">
            <users/>
            <groups/>
        </role>
        <role inherit="false" allowForAll="false" name="denyAuthors">
            <users/>
            <groups/>
        </role>
        <role inherit="false" allowForAll="false" name="denyAdministrators">
            <users/>
            <groups/>
        </role>
    </roleMap>
    <history>
        <historyInfo versionUuid="_a-0000e37d-16a2-8000-9ba2-011c48011c48_38703"/>
    </history>
</contentHaul>
