<?xml version="1.0" encoding="UTF-8" standalone="yes"?>
<contentHaul xmlns:a="http://www.appian.com/ae/types/2009">
    <versionUuid>_a-0000e37d-16a2-8000-9ba2-011c48011c48_37796</versionUuid>
    <rule>
        <name>MEG_VM_MtnSummaryView</name>
        <uuid>_a-0000e37d-16a2-8000-9ba2-011c48011c48_37662</uuid>
        <description>Summary view of all maintenance request</description>
        <parentUuid>_a-0000e37d-16a2-8000-9ba2-011c48011c48_31015</parentUuid>
        <visibility>
            <advertise>false</advertise>
            <hierarchy>true</hierarchy>
            <indexable>true</indexable>
            <quota>false</quota>
            <searchable>true</searchable>
            <system>false</system>
            <unlogged>false</unlogged>
        </visibility>
        <definition>#"SYSTEM_SYSRULES_formLayout_v1"(
  label: "",
  contents: {
    #"SYSTEM_SYSRULES_sectionLayout_v1"(
      label: "The Vehicle in Question",
      contents: {
        #"_a-0000e37d-16a2-8000-9ba2-011c48011c48_36435"(ri!maintenance.vehicle)
      }
    ),
    #"SYSTEM_SYSRULES_sectionLayout_v1"(
      label: "Maintenance Request Info",
      contents: {
        #"SYSTEM_SYSRULES_columnsLayout"(
          columns: {
            #"SYSTEM_SYSRULES_columnLayout"(
              contents: {
                #"SYSTEM_SYSRULES_pickerFieldUsers"(
                  label: "Mechanic",
                  labelPosition: "ADJACENT",
                  value: ri!maintenance.mechanic,
                  saveInto: {},
                  readonly: true,
                  validations: {}
                ),
                #"SYSTEM_SYSRULES_paragraphField"(
                  label: "Issue Description",
                  labelPosition: "ADJACENT",
                  value: ri!maintenance.issueDescription,
                  saveInto: {},
                  refreshAfter: "UNFOCUS",
                  readonly: true,
                  height: "MEDIUM",
                  validations: {}
                ),
                #"SYSTEM_SYSRULES_paragraphField"(
                  label: "Supervisor Comments",
                  labelPosition: "ADJACENT",
                  value: ri!maintenance.supervisorComments,
                  saveInto: ri!maintenance.supervisorComments,
                  refreshAfter: "UNFOCUS",
                  showwhen: ri!maintenance.supervisorComments&lt;&gt;null,
                  readonly: true,
                  height: "SHORT",
                  validations: {}
                )
              }
            ),
            #"SYSTEM_SYSRULES_columnLayout"(
              contents: {
                #"SYSTEM_SYSRULES_boxLayout"(
                  label: "Estimates",
                  contents: {
                    #"SYSTEM_SYSRULES_floatingPointField"(
                      label: "Part Estimate",
                      labelPosition: "ADJACENT",
                      value: ri!maintenance.partEstimate,
                      saveInto: {},
                      refreshAfter: "UNFOCUS",
                      readonly: true,
                      validations: {}
                    ),
                    #"SYSTEM_SYSRULES_floatingPointField"(
                      label: "Labor Estimate",
                      labelPosition: "ADJACENT",
                      value: ri!maintenance.laborEstimate,
                      saveInto: {},
                      refreshAfter: "UNFOCUS",
                      readonly: true,
                      validations: {}
                    ),
                    #"SYSTEM_SYSRULES_textField"(
                      label: "Total Estimate",
                      labelPosition: "ADJACENT",
                      value: #"_a-0000e37d-16a2-8000-9ba2-011c48011c48_29894"(ri!maintenance.partEstimate,ri!maintenance.laborEstimate),
                      saveInto: {},
                      refreshAfter: "UNFOCUS",
                      required: false,
                      readonly: true,
                      validations: {}
                    )
                  },
                  style: "#d0e0e3",
                  marginBelow: "STANDARD"
                )
              }
            )
          }
        )
      }
    ),
    #"SYSTEM_SYSRULES_sectionLayout_v1"(
      label: "Mechanics Completion Notes",
      contents: {
        #"SYSTEM_SYSRULES_columnsLayout"(
          columns: {
            #"SYSTEM_SYSRULES_columnLayout"(
              contents: {
                #"SYSTEM_SYSRULES_paragraphField"(
                  label: "Mechanic Comments",
                  labelPosition: "ADJACENT",
                  value: ri!maintenance.mechanicComments,
                  saveInto: ri!maintenance.mechanicComments,
                  refreshAfter: "UNFOCUS",
                  readonly: true,
                  height: "MEDIUM",
                  validations: {}
                )
              }
            ),
            #"SYSTEM_SYSRULES_columnLayout"(
              contents: {
                #"SYSTEM_SYSRULES_boxLayout"(
                  label: "Actual Costs",
                  contents: {
                    #"SYSTEM_SYSRULES_floatingPointField"(
                      label: "Part Actual",
                      labelPosition: "ADJACENT",
                      value: ri!maintenance.partActual,
                      saveInto: ri!maintenance.partActual,
                      refreshAfter: "UNFOCUS",
                      required: false,
                      readonly: true,
                      validations: {}
                    ),
                    #"SYSTEM_SYSRULES_floatingPointField"(
                      label: "Labor Actual",
                      labelPosition: "ADJACENT",
                      value: ri!maintenance.laborActual,
                      saveInto: ri!maintenance.laborActual,
                      refreshAfter: "UNFOCUS",
                      required: false,
                      readonly: true,
                      validations: {}
                    ),
                    #"SYSTEM_SYSRULES_textField"(
                      label: "Total Final",
                      labelPosition: "ADJACENT",
                      value: #"_a-0000e37d-16a2-8000-9ba2-011c48011c48_29894"(ri!maintenance.partActual,ri!maintenance.laborActual),
                      saveInto: {},
                      refreshAfter: "UNFOCUS",
                      required: false,
                      readonly: true,
                      validations: {}
                    )
                  },
                  style: "#ead1dc",
                  marginBelow: "STANDARD"
                )
              }
            )
          }
        )
      }
    )
  }
)</definition>
        <namedTypedValue>
            <name>maintenance</name>
            <type>
                <name>MEG_VM_Maintenance</name>
                <namespace>urn:com:appian:types</namespace>
            </type>
        </namedTypedValue>
        <preferredEditor>interface</preferredEditor>
        <offlineEnabled>false</offlineEnabled>
    </rule>
    <roleMap public="true">
        <role inherit="true" allowForAll="false" name="readers">
            <users/>
            <groups/>
        </role>
        <role inherit="true" allowForAll="false" name="authors">
            <users/>
            <groups/>
        </role>
        <role inherit="true" allowForAll="false" name="administrators">
            <users>
                <userUuid>megh.nara</userUuid>
            </users>
            <groups/>
        </role>
        <role inherit="false" allowForAll="false" name="denyReaders">
            <users/>
            <groups/>
        </role>
        <role inherit="false" allowForAll="false" name="denyAuthors">
            <users/>
            <groups/>
        </role>
        <role inherit="false" allowForAll="false" name="denyAdministrators">
            <users/>
            <groups/>
        </role>
    </roleMap>
    <history>
        <historyInfo versionUuid="_a-0000e37d-16a2-8000-9ba2-011c48011c48_37796"/>
    </history>
</contentHaul>
