<?xml version="1.0" encoding="UTF-8" standalone="yes"?>
<contentHaul xmlns:a="http://www.appian.com/ae/types/2009">
    <versionUuid>_a-0000e37d-16a2-8000-9ba2-011c48011c48_34904</versionUuid>
    <rule>
        <name>MEG_VM_FleetPieChart</name>
        <uuid>_a-0000e37d-16a2-8000-9ba2-011c48011c48_34805</uuid>
        <description>Pie chart of the fleet by category</description>
        <parentUuid>_a-0000e37d-16a2-8000-9ba2-011c48011c48_31015</parentUuid>
        <visibility>
            <advertise>false</advertise>
            <hierarchy>true</hierarchy>
            <indexable>true</indexable>
            <quota>false</quota>
            <searchable>true</searchable>
            <system>false</system>
            <unlogged>false</unlogged>
        </visibility>
        <definition>a!localVariables(
  local!selectedcategory,
  /* This query fetches the grouped data for the pie chart. */
  local!chartDatasubset: #"SYSTEM_SYSRULES_queryEntity_v1"(
    entity: #"_a-0000e37d-16a2-8000-9ba2-011c48011c48_33380",
    query: #"SYSTEM_SYSRULES_query"(
      aggregation: #"SYSTEM_SYSRULES_queryAggregation"(
        aggregationColumns: {
          #"SYSTEM_SYSRULES_queryAggregationColumn"(
            field: "category",
            isGrouping: true
          ),
          #"SYSTEM_SYSRULES_queryAggregationColumn"(
            field: "id",
            alias: "id_count",
            aggregationFunction: "COUNT"
          )
        }
      ),
      pagingInfo: #"SYSTEM_SYSRULES_pagingInfo"(
        startIndex: 1,
        batchSize: -1,
        sort: #"SYSTEM_SYSRULES_sortInfo"(
          field: "category",
          ascending: true
        )
      )
    )
  ),
  {
    #"SYSTEM_SYSRULES_pieChartField"(
      label: "Fleet of Vehicle by Category",
      series: #"SYSTEM_SYSRULES_forEach"(
        items: local!chartDatasubset.data,
        expression: #"SYSTEM_SYSRULES_chartSeries"(
          label: fv!item.category,
          data: fv!item.id_count,
          /* Clicking on the chart sets the filter value for the grid. */
          links: #"SYSTEM_SYSRULES_dynamicLink"(value: fv!item.category, saveInto: local!selectedcategory)
        )
      ),
      showWhen: isnull(local!selectedcategory),
      showdatalabels: true
    ),
    /* This simple link field resets the selected category. */
    #"SYSTEM_SYSRULES_linkField"(
      labelPosition: "COLLAPSED",
      links: #"SYSTEM_SYSRULES_dynamicLink"(
        label: "Back to Chart",
        value: null,
        saveInto: local!selectedcategory,
        showWhen:not(isnull(local!selectedcategory))
      )
    ),
    #"SYSTEM_SYSRULES_gridField_v1"(
      /* Using the value of selected category, we can easily give
         the grid a dynamic title. */
      label: local!selectedcategory &amp; " Vehicles",
      labelPosition: "ABOVE",
      data: #"SYSTEM_SYSRULES_queryEntity_v1"(
        entity: #"_a-0000e37d-16a2-8000-9ba2-011c48011c48_33380",
        query: #"SYSTEM_SYSRULES_query"(
          logicalexpression: #"SYSTEM_SYSRULES_queryLogicalExpression"(
            operator: "AND",
            filters: {
              #"SYSTEM_SYSRULES_queryFilter"(
                field: "category",
                operator: "=",
                value: local!selectedcategory
              )
            },
            ignoreFiltersWithEmptyValues: true
          ),
          pagingInfo: fv!pagingInfo
        ),
        fetchTotalCount: true
      ),
      columns: {
        #"SYSTEM_SYSRULES_gridColumn"(
          label: "Make",
          sortField: "make",
          value: fv!row.make
        ),
        #"SYSTEM_SYSRULES_gridColumn"(
          label: "Model",
          sortField: "model",
          value: fv!row.model
        ),
        #"SYSTEM_SYSRULES_gridColumn"(
          label: "VIN",
          sortField: "vin",
          value: fv!row.vin
        ),
        #"SYSTEM_SYSRULES_gridColumn"(
          label: "Description",
          sortField: "description",
          value: fv!row.description
        )
      },
      showWhen: not(isnull(local!selectedcategory))
    )
  }
)</definition>
        <preferredEditor>interface</preferredEditor>
        <offlineEnabled>false</offlineEnabled>
    </rule>
    <roleMap public="true">
        <role inherit="true" allowForAll="false" name="readers">
            <users/>
            <groups/>
        </role>
        <role inherit="true" allowForAll="false" name="authors">
            <users/>
            <groups/>
        </role>
        <role inherit="true" allowForAll="false" name="administrators">
            <users>
                <userUuid>megh.nara</userUuid>
            </users>
            <groups/>
        </role>
        <role inherit="false" allowForAll="false" name="denyReaders">
            <users/>
            <groups/>
        </role>
        <role inherit="false" allowForAll="false" name="denyAuthors">
            <users/>
            <groups/>
        </role>
        <role inherit="false" allowForAll="false" name="denyAdministrators">
            <users/>
            <groups/>
        </role>
    </roleMap>
    <history>
        <historyInfo versionUuid="_a-0000e37d-16a2-8000-9ba2-011c48011c48_34904"/>
    </history>
</contentHaul>
