<?xml version="1.0" encoding="UTF-8" standalone="yes"?>
<contentHaul xmlns:a="http://www.appian.com/ae/types/2009">
    <versionUuid>_a-0000e37d-16a2-8000-9ba2-011c48011c48_34260</versionUuid>
    <rule>
        <name>MEG_VM_VehicleSummaryView</name>
        <uuid>_a-0000e37d-16a2-8000-9ba2-011c48011c48_34105</uuid>
        <description>Read only display for all information about a specific vehicle</description>
        <parentUuid>_a-0000e37d-16a2-8000-9ba2-011c48011c48_31015</parentUuid>
        <visibility>
            <advertise>false</advertise>
            <hierarchy>true</hierarchy>
            <indexable>true</indexable>
            <quota>false</quota>
            <searchable>true</searchable>
            <system>false</system>
            <unlogged>false</unlogged>
        </visibility>
        <definition>{
  #"SYSTEM_SYSRULES_columnsLayout"(
    columns: {
      #"SYSTEM_SYSRULES_columnLayout"(
        contents: {
          #"SYSTEM_SYSRULES_textField"(
            label: "Make",
            labelPosition: "ADJACENT",
            value: ri!MEG_VM_Vehicle.make,
            readOnly: true
          ),
          #"SYSTEM_SYSRULES_textField"(
            label: "Vin",
            labelPosition: "ADJACENT",
            value: ri!MEG_VM_Vehicle.vin,
            readOnly: true
          ),
          #"SYSTEM_SYSRULES_textField"(
            label: "Category",
            labelPosition: "ADJACENT",
            value: ri!MEG_VM_Vehicle.category,
            readOnly: true
          ),
          #"SYSTEM_SYSRULES_imageField_v1"(
            label: "Status",
            labelPosition: "ADJACENT",
            images: #"SYSTEM_SYSRULES_documentImage"(#"_a-0000e37d-16a2-8000-9ba2-011c48011c48_30077"(ri!MEG_VM_Vehicle.status)),
            size: "MEDIUM",
            isThumbnail: false,
            style: "STANDARD"
          ),
          #"SYSTEM_SYSRULES_integerField"(
            label: "Mileage",
            labelPosition: "ADJACENT",
            value: ri!MEG_VM_Vehicle.mileage,
            readOnly: true
          )
        }
      ),
      #"SYSTEM_SYSRULES_columnLayout"(
        contents: {
          #"SYSTEM_SYSRULES_textField"(
            label: "Model",
            labelPosition: "ADJACENT",
            value: ri!MEG_VM_Vehicle.model,
            readOnly: true
          ),
          #"SYSTEM_SYSRULES_textField"(
            label: "Description",
            labelPosition: "ADJACENT",
            value: ri!MEG_VM_Vehicle.description,
            readOnly: true
          ),
          #"SYSTEM_SYSRULES_integerField"(
            label: "Year",
            labelPosition: "ADJACENT",
            value: ri!MEG_VM_Vehicle.year,
            readOnly: true
          ),
          #"SYSTEM_SYSRULES_dateField"(
            label: "Next Schedule",
            labelPosition: "ADJACENT",
            value: ri!MEG_VM_Vehicle.nextSchedule,
            readOnly: true
          ),
          #"SYSTEM_SYSRULES_textField"(
            label: "Updated By",
            labelPosition: "ADJACENT",
            value: ri!MEG_VM_Vehicle.updatedBy,
            readOnly: true
          ),
          #"SYSTEM_SYSRULES_dateField"(
            label: "Updated On",
            labelPosition: "ADJACENT",
            value: ri!MEG_VM_Vehicle.updatedOn,
            readOnly: true
          )
        }
      ),
      #"SYSTEM_SYSRULES_columnLayout"(
        contents: {
          #"SYSTEM_SYSRULES_imageField_v1"(
            label: "",
            labelPosition: "ABOVE",
            images: if(
              isnull(ri!MEG_VM_Vehicle.imageId),
              #"SYSTEM_SYSRULES_documentImage"(6726),
              #"SYSTEM_SYSRULES_documentImage"(ri!MEG_VM_Vehicle.imageId)
            ),
            size: "MEDIUM",
            isThumbnail: false,
            style: "STANDARD"
          )
        }
      )
    }
  )
}</definition>
        <namedTypedValue>
            <name>MEG_VM_Vehicle</name>
            <type>
                <name>MEG_VM_Vehicle</name>
                <namespace>urn:com:appian:types</namespace>
            </type>
        </namedTypedValue>
        <preferredEditor>interface</preferredEditor>
        <offlineEnabled>false</offlineEnabled>
    </rule>
    <roleMap public="true">
        <role inherit="true" allowForAll="false" name="readers">
            <users/>
            <groups/>
        </role>
        <role inherit="true" allowForAll="false" name="authors">
            <users/>
            <groups/>
        </role>
        <role inherit="true" allowForAll="false" name="administrators">
            <users>
                <userUuid>megh.nara</userUuid>
            </users>
            <groups/>
        </role>
        <role inherit="false" allowForAll="false" name="denyReaders">
            <users/>
            <groups/>
        </role>
        <role inherit="false" allowForAll="false" name="denyAuthors">
            <users/>
            <groups/>
        </role>
        <role inherit="false" allowForAll="false" name="denyAdministrators">
            <users/>
            <groups/>
        </role>
    </roleMap>
    <typedValue>
        <type>
            <name>RuleTestConfig?list</name>
            <namespace>http://www.appian.com/ae/types/2009</namespace>
        </type>
        <value>
            <el>
                <a:name/>
                <a:ruleInputTestConfigs>
                    <a:value xmlns:xsi="http://www.w3.org/2001/XMLSchema-instance" xsi:type="a:Expression">'type!{urn:com:appian:types}MEG_VM_Vehicle'()</a:value>
                    <a:nameRef>MEG_VM_Vehicle</a:nameRef>
                    <a:id/>
                </a:ruleInputTestConfigs>
                <a:assertions xmlns:xsi="http://www.w3.org/2001/XMLSchema-instance" xsi:nil="true"/>
            </el>
        </value>
    </typedValue>
    <history>
        <historyInfo versionUuid="_a-0000e37d-16a2-8000-9ba2-011c48011c48_34260"/>
    </history>
</contentHaul>
