<?xml version="1.0" encoding="UTF-8" standalone="yes"?>
<tempoReportHaul xmlns:a="http://www.appian.com/ae/types/2009">
    <versionUuid>e2c6c5af-c07d-439d-97f6-5b34669ce14b</versionUuid>
    <tempoReport a:uuid="125a82bd-4b4a-4d59-8365-00670751b625" name="MEG VM Fleet Report">
        <a:description>Report of fleet of vehicles</a:description>
        <a:uiExpr>#"_a-0000e37d-16a2-8000-9ba2-011c48011c48_38543"()</a:uiExpr>
        <a:urlStub>oKHK4Q</a:urlStub>
    </tempoReport>
    <roleMap>
        <role name="report_administrator">
            <users>
                <userUuid>megh.nara</userUuid>
            </users>
            <groups/>
        </role>
    </roleMap>
    <history>
        <historyInfo versionUuid="e2c6c5af-c07d-439d-97f6-5b34669ce14b"/>
    </history>
</tempoReportHaul>
