<?xml version="1.0" encoding="UTF-8" standalone="yes"?>
<processModelFolderHaul xmlns:a="http://www.appian.com/ae/types/2009">
    <versionUuid>_g-0000e37d-16a2-8000-f92f-7f0000014e7a_17</versionUuid>
    <processModelFolder>
        <name>MEG VM Process Models</name>
        <uuid>_g-0000e37d-16a2-8000-f92f-7f0000014e7a_16</uuid>
        <description>Contains all processes used by VM app.</description>
    </processModelFolder>
    <roleMap>
        <role name="ADMIN_OWNER">
            <users>
                <userUuid>megh.nara</userUuid>
            </users>
            <groups/>
        </role>
        <role name="EDITOR">
            <users/>
            <groups/>
        </role>
        <role name="EXPLICIT_NONMEMBER">
            <users/>
            <groups/>
        </role>
        <role name="VIEWER">
            <users/>
            <groups/>
        </role>
        <role name="MANAGER">
            <users/>
            <groups/>
        </role>
        <role name="INITIATOR">
            <users/>
            <groups/>
        </role>
    </roleMap>
    <history>
        <historyInfo versionUuid="_g-0000e37d-16a2-8000-f92f-7f0000014e7a_17"/>
    </history>
</processModelFolderHaul>
